Results, , , , , 
Field [10^{-4} a.u.], 0, -25 , -50 , -75 , -100 
Int [a.u.],-195.367315238,-195.367876660,-195.368845952,-195.370231731,-195.372045050
TS [a.u.],-195.276145520,-195.276945644,-195.278246208,-195.280048662,-195.282355088
Delta E [kcal/mol],57.208998045,57.05921254,56.85133936,56.5898757975,56.280451155
Delta Delta E [kcal/mol],0,-0.149785504982,-0.357658685025,-0.619122247503,-0.928546890005
