Results, , , , , 
Field [10^{-4} a.u.], 0, -25 , -50 , -75 , -100 
Int [a.u.],-669.471112140,-669.472440208,-669.474730159,-669.478033850,-669.482644432
TS [a.u.],-669.437783741,-669.440992749,-669.445346109,-669.450872016,-669.457606140
Delta E [kcal/mol],20.9135703724,19.7332805225,18.438491375,17.044050835,15.71152823
Delta Delta E [kcal/mol],0,-1.18028984993,-2.47507899744,-3.86951953743,-5.20204214245
