Results, , , , , 
Field [10^{-4} a.u.], 0, -25 , -50 , -75 , -100 
Int [a.u.],-195.367314650,-195.367890279,-195.368902343,-195.370357954,-195.372266183
TS [a.u.],-195.276144741,-195.276989332,-195.278426539,-195.280464763,-195.283117272
Delta E [kcal/mol],57.2091178975,57.0403442425,56.77356701,56.4079773525,55.9409416525
Delta Delta E [kcal/mol],0,-0.168773654994,-0.435550887501,-0.80114054498,-1.26817624499
