Results, , , , , 
Field [10^{-4} a.u.], 0, -25 , -50 , -75 , -100 
Int [a.u.],-195.367313830,-195.367876842,-195.368851927,-195.370251941,-195.372098861
TS [a.u.],-195.276145034,-195.276947831,-195.278258192,-195.280079605,-195.282416650
Delta E [kcal/mol],57.20841949,57.0579544025,56.8475687125,56.58314084,56.2755874025
Delta Delta E [kcal/mol],0,-0.150465087514,-0.360850777521,-0.625278650012,-0.932832087492
