Results, , , , , 
Field [10^{-4} a.u.], 0, -25 , -50 , -75 , -100 
Int [a.u.],-573.628844314,-573.630103349,-573.632294663,-573.635484990,-573.639752874
TS [a.u.],-573.600468168,-573.605001779,-573.610496109,-573.616944786,-573.624344123
Delta E [kcal/mol],17.806031615,15.751235175,13.678592635,11.63397801,9.66899125249
Delta Delta E [kcal/mol],0,-2.05479644,-4.12743897998,-6.17205360497,-8.13704036252
