Results, , , , , 
Field [10^{-4} a.u.], 0, -25 , -50 , -75 , -100 
Int [a.u.],-269.422510324,-269.422790886,-269.423439309,-269.424458764,-269.425854339
TS [a.u.],-269.391777956,-269.392762357,-269.394149868,-269.395944647,-269.398151655
Delta E [kcal/mol],19.28456092,18.8429019475,18.3791242275,17.8926084175,17.38343421
Delta Delta E [kcal/mol],0,-0.441658972471,-0.905436692468,-1.39195250248,-1.90112670997
