Results, , , , , 
Field [10^{-4} a.u.], 0, -25 , -50 , -75 , -100 
Int [a.u.],-387.391421198,-387.392689054,-387.394564815,-387.397047702,-387.400131769
TS [a.u.],-387.287090719,-387.288911133,-387.291486533,-387.294824875,-387.298937520
Delta E [kcal/mol],65.4673755725,65.1206454275,64.681621955,64.1448239425,63.4993912475
Delta Delta E [kcal/mol],0,-0.346730144985,-0.7857536175,-1.32255163,-1.96798432499
