Results, , , , , 
Field [10^{-4} a.u.], 0, -25 , -50 , -75 , -100 
Int [a.u.],-289.055059528,-289.051913750,-289.049216022,-289.046969742,-289.045177471
TS [a.u.],-289.018861345,-289.018240496,-289.018011973,-289.018176082,-289.018733666
Delta E [kcal/mol],22.7143598325,21.129966885,19.5805407475,18.06802165,16.5934876375
Delta Delta E [kcal/mol],0,-1.58439294749,-3.13381908499,-4.64633818253,-6.120872195
