Results, , , , , 
Field [10^{-4} a.u.], 0, -25 , -50 , -75 , -100 
Int [a.u.],-269.422509590,-269.422835234,-269.423616613,-269.424857307,-269.426563192
TS [a.u.],-269.391778042,-269.392772150,-269.394188085,-269.396029268,-269.398299538
Delta E [kcal/mol],19.28404637,18.86458521,18.46640132,18.0895944725,17.735442885
Delta Delta E [kcal/mol],0,-0.419461159996,-0.817645050003,-1.19445189752,-1.54860348502
