Results, , , , , 
Field [10^{-4} a.u.], 0, -25 , -50 , -75 , -100 
Int [a.u.],-439.153855642,-439.155374969,-439.158034651,-439.161861090,-439.166813326
TS [a.u.],-439.135083534,-439.138980901,-439.143787438,-439.149491952,-439.156081279
Delta E [kcal/mol],11.77949777,10.28727767,8.94012615748,7.76163409499,6.73435949255
Delta Delta E [kcal/mol],0,-1.49222010002,-2.83937161253,-4.01786367502,-5.04513827746
