Results, , , , , 
Field [10^{-4} a.u.], 0, -25 , -50 , -75 , -100 
Int [a.u.],-269.422510679,-269.422791986,-269.423442969,-269.424472816,-269.425894959
TS [a.u.],-269.391777754,-269.392781301,-269.394227222,-269.396123430,-269.398479742
Delta E [kcal/mol],19.2849104375,18.8317048375,18.3328812425,17.789239715,17.2030486675
Delta Delta E [kcal/mol],0,-0.453205600032,-0.952029195032,-1.49567072254,-2.08186177004
