Results, , , , , 
Field [10^{-4} a.u.], 0, -25 , -50 , -75 , -100 
Int [a.u.],-312.116804126,-312.116773017,-312.117336705,-312.118495228,-312.120250247
TS [a.u.],-312.079791127,-312.080293479,-312.081521105,-312.083482043,-312.086192003
Delta E [kcal/mol],23.2256568725,22.890910095,22.474289,21.9707735875,21.37154811
Delta Delta E [kcal/mol],0,-0.334746777458,-0.751367872464,-1.25488328497,-1.85410876246
