Results, , , , , 
Field [10^{-4} a.u.], 0, -25 , -50 , -75 , -100 
Int [a.u.],-210.253439261,-210.251814075,-210.250559446,-210.249676478,-210.249169211
TS [a.u.],-210.175708944,-210.177252747,-210.179151766,-210.181405578,-210.184014174
Delta E [kcal/mol],48.7757739175,46.78723332,44.8083192,42.83998975,40.8847857175
Delta Delta E [kcal/mol],0,-1.98854059752,-3.96745471749,-5.93578416752,-7.8909882
