Results, , , , , 
Field [10^{-4} a.u.], 0, -25 , -50 , -75 , -100 
Int [a.u.],-312.116801195,-312.116762759,-312.117305532,-312.118430968,-312.120141435
TS [a.u.],-312.079788029,-312.080216263,-312.081221334,-312.082809536,-312.084988177
Delta E [kcal/mol],23.225761665,22.93292624,22.642834245,22.35244858,22.058669395
Delta Delta E [kcal/mol],0,-0.292835425033,-0.582927420008,-0.873313085001,-1.16709227001
