Results, , , , , 
Field [10^{-4} a.u.], 0, -25 , -50 , -75 , -100 
Int [a.u.],-822.532461625,-822.529597824,-822.527759097,-822.526965680,-822.527251328
TS [a.u.],-822.501779210,-822.500809028,-822.501010258,-822.502434945,-822.505157453
Delta E [kcal/mol],19.2532154125,18.06496949,16.7848964725,15.3930362125,13.8639065625
Delta Delta E [kcal/mol],0,-1.1882459225,-2.46831893997,-3.86017920001,-5.38930884999
